backend,length,time
base,2,104.7428913814947
baseopt,2,104.94306383188814
reticle,2,0.23945750016719103
base,4,104.44792488403618
baseopt,4,104.98288801405579
reticle,4,0.3736657593399286
base,8,105.20696825813502
baseopt,8,104.81598825659603
reticle,8,2.1066563576459885
base,16,104.4473838750273
baseopt,16,105.21891643386334
reticle,16,14.712022561579943
